<?xml version="1.0" encoding="utf-8"?>
<manifest identifier="HGusc7jw8JhhS" xmlns="http://www.imsproject.org/xsd/imscp_rootv1p1p2" xmlns:adlcp="http://www.adlnet.org/xsd/adlcp_rootv1p2" xmlns:xsi="http://www.w3.org/2001/XMLSchema-instance" xmlns:lom="http://www.imsglobal.org/xsd/imsmd_rootv1p2p1" xsi:schemaLocation="http://www.imsproject.org/xsd/imscp_rootv1p1p2 imscp_rootv1p1p2.xsd http://www.imsglobal.org/xsd/imsmd_rootv1p2p1 imsmd_rootv1p2p1.xsd http://www.adlnet.org/xsd/adlcp_rootv1p2 adlcp_rootv1p2.xsd">
<metadata>
<schema>ADL SCORM</schema>
<schemaversion>1.2</schemaversion>
<lom:lom>
<lom:general>
<lom:title>
<lom:langstring>E1 2023.08.18 BT nghe nhìn và dịch</lom:langstring>
</lom:title>
</lom:general>
<lom:educational>
<lom:typicallearningtime>
<lom:datetime>01:00:00</lom:datetime>
</lom:typicallearningtime>
</lom:educational>
</lom:lom>
</metadata>
<organizations default="HGusc7jw8JhhS_organization">
<organization identifier="HGusc7jw8JhhS_organization">
<title>E1 2023.08.18 BT nghe nhìn và dịch</title>
<item identifier="1B87F44E-184D-43EB-9403-CB97949DB94D" identifierref="resource">
<title>E1 2023.08.18</title>
</item>
</organization>
</organizations>
<resources>
<resource identifier="resource" type="webcontent" adlcp:scormtype="sco" href="res/index.html">
<file href="res/index.html"/>
<file href="res/lms.js"/>
<file href="res/data/thmb1.jpg"/>
<file href="res/data/slide1.js"/>
<file href="res/data/slide1.css"/>
<file href="res/data/thmb2.jpg"/>
<file href="res/data/slide2.js"/>
<file href="res/data/slide2.css"/>
<file href="res/data/thmb3.jpg"/>
<file href="res/data/slide3.js"/>
<file href="res/data/slide3.css"/>
<file href="res/data/thmb4.jpg"/>
<file href="res/data/slide4.js"/>
<file href="res/data/slide4.css"/>
<file href="res/data/thmb5.jpg"/>
<file href="res/data/slide5.js"/>
<file href="res/data/slide5.css"/>
<file href="res/data/thmb6.png"/>
<file href="res/data/slide6.js"/>
<file href="res/data/slide6.css"/>
<file href="res/data/thmb7.jpg"/>
<file href="res/data/slide7.js"/>
<file href="res/data/slide7.css"/>
<file href="res/data/thmb8.jpg"/>
<file href="res/data/slide8.js"/>
<file href="res/data/slide8.css"/>
<file href="res/data/thmb9.jpg"/>
<file href="res/data/slide9.js"/>
<file href="res/data/slide9.css"/>
<file href="res/data/thmb10.jpg"/>
<file href="res/data/slide10.js"/>
<file href="res/data/slide10.css"/>
<file href="res/data/thmb11.jpg"/>
<file href="res/data/slide11.js"/>
<file href="res/data/slide11.css"/>
<file href="res/data/thmb12.jpg"/>
<file href="res/data/slide12.js"/>
<file href="res/data/slide12.css"/>
<file href="res/data/thmb13.jpg"/>
<file href="res/data/slide13.js"/>
<file href="res/data/slide13.css"/>
<file href="res/data/thmb14.jpg"/>
<file href="res/data/slide14.js"/>
<file href="res/data/slide14.css"/>
<file href="res/data/thmb15.jpg"/>
<file href="res/data/slide15.js"/>
<file href="res/data/slide15.css"/>
<file href="res/data/thmb16.jpg"/>
<file href="res/data/slide16.js"/>
<file href="res/data/slide16.css"/>
<file href="res/data/thmb17.jpg"/>
<file href="res/data/slide17.js"/>
<file href="res/data/slide17.css"/>
<file href="res/data/thmb18.jpg"/>
<file href="res/data/slide18.js"/>
<file href="res/data/slide18.css"/>
<file href="res/data/thmb19.jpg"/>
<file href="res/data/slide19.js"/>
<file href="res/data/slide19.css"/>
<file href="res/data/thmb20.jpg"/>
<file href="res/data/slide20.js"/>
<file href="res/data/slide20.css"/>
<file href="res/data/thmb21.jpg"/>
<file href="res/data/slide21.js"/>
<file href="res/data/slide21.css"/>
<file href="res/data/thmb22.png"/>
<file href="res/data/slide22.js"/>
<file href="res/data/slide22.css"/>
<file href="res/data/thmb23.jpg"/>
<file href="res/data/slide23.js"/>
<file href="res/data/slide23.css"/>
<file href="res/data/thmb24.jpg"/>
<file href="res/data/slide24.js"/>
<file href="res/data/slide24.css"/>
<file href="res/data/thmb25.jpg"/>
<file href="res/data/slide25.js"/>
<file href="res/data/slide25.css"/>
<file href="res/data/thmb26.jpg"/>
<file href="res/data/slide26.js"/>
<file href="res/data/slide26.css"/>
<file href="res/data/thmb27.jpg"/>
<file href="res/data/slide27.js"/>
<file href="res/data/slide27.css"/>
<file href="res/data/thmb28.jpg"/>
<file href="res/data/slide28.js"/>
<file href="res/data/slide28.css"/>
<file href="res/data/thmb29.jpg"/>
<file href="res/data/slide29.js"/>
<file href="res/data/slide29.css"/>
<file href="res/data/thmb30.jpg"/>
<file href="res/data/slide30.js"/>
<file href="res/data/slide30.css"/>
<file href="res/data/sound1.mp3"/>
<file href="res/data/sound2.mp3"/>
<file href="res/data/sound3.mp3"/>
<file href="res/data/sound4.mp3"/>
<file href="res/data/sound5.mp3"/>
<file href="res/data/sound6.mp3"/>
<file href="res/data/sound7.mp3"/>
<file href="res/data/sound8.mp3"/>
<file href="res/data/sound9.mp3"/>
<file href="res/data/sound10.mp3"/>
<file href="res/data/sound11.mp3"/>
<file href="res/data/sound12.mp3"/>
<file href="res/data/sound13.mp3"/>
<file href="res/data/sound14.mp3"/>
<file href="res/data/sound15.mp3"/>
<file href="res/data/sound16.mp3"/>
<file href="res/data/sound17.mp3"/>
<file href="res/data/sound18.mp3"/>
<file href="res/data/sound19.mp3"/>
<file href="res/data/sound20.mp3"/>
<file href="res/data/sound21.mp3"/>
<file href="res/data/sound22.mp3"/>
<file href="res/data/sound23.mp3"/>
<file href="res/data/sound24.mp3"/>
<file href="res/data/sound25.mp3"/>
<file href="res/data/sound26.mp3"/>
<file href="res/data/sound27.mp3"/>
<file href="res/data/sound28.mp3"/>
<file href="res/data/sound29.mp3"/>
<file href="res/data/sound30.mp3"/>
<file href="res/index.html"/>
<file href="res/data/player.js"/>
<file href="res/data/eraser.cur"/>
<file href="res/data/highlighter.cur"/>
<file href="res/data/marker.cur"/>
<file href="res/data/lock.cur"/>
<file href="res/data/browsersupport.js"/>
<file href="res/data/apple-touch-icon.png"/>
<file href="res/data/favicon.ico"/>
<file href="res/data/fnt0.woff"/>
<file href="res/data/fnt1.woff"/>
<file href="res/data/fnt2.woff"/>
<file href="res/data/fnt3.woff"/>
<file href="res/data/fnt4.woff"/>
<file href="res/data/fnt5.woff"/>
<file href="res/data/html5-unsupported.html"/>
<file href="res/data/html5.png"/>
<file href="res/data/img0.jpg"/>
<file href="res/data/img1.jpg"/>
<file href="res/data/img10.jpg"/>
<file href="res/data/img11.jpg"/>
<file href="res/data/img12.jpg"/>
<file href="res/data/img13.jpg"/>
<file href="res/data/img14.jpg"/>
<file href="res/data/img15.jpg"/>
<file href="res/data/img16.jpg"/>
<file href="res/data/img17.jpg"/>
<file href="res/data/img18.jpg"/>
<file href="res/data/img19.jpg"/>
<file href="res/data/img2.jpg"/>
<file href="res/data/img20.jpg"/>
<file href="res/data/img21.png"/>
<file href="res/data/img22.jpg"/>
<file href="res/data/img23.jpg"/>
<file href="res/data/img24.jpg"/>
<file href="res/data/img25.png"/>
<file href="res/data/img26.jpg"/>
<file href="res/data/img27.jpg"/>
<file href="res/data/img28.jpg"/>
<file href="res/data/img29.jpg"/>
<file href="res/data/img3.jpg"/>
<file href="res/data/img30.jpg"/>
<file href="res/data/img31.jpg"/>
<file href="res/data/img32.jpg"/>
<file href="res/data/img33.jpg"/>
<file href="res/data/img4.jpg"/>
<file href="res/data/img5.png"/>
<file href="res/data/img6.png"/>
<file href="res/data/img7.jpg"/>
<file href="res/data/img8.jpg"/>
<file href="res/data/img9.jpg"/>
<file href="res/data/photo1.png"/>
<file href="res/data/ismplayer/preview.png"/>
<file href="res/data/ismplayer/play.svg"/>
<file href="res/data/ismplayer/style.css"/>
<file href="res/data/ismplayer/style_mini.css"/>
<file href="res/ismplayer.html"/>
<file href="res/data/ismplayer/app_store2x.png"/>
<file href="res/metainfo.xml"/>
</resource>
</resources>
</manifest>
