<?xml version="1.0"?>
<presentation guid="1D362EE2-ECAD-4015-AB13-9317BEE3657E" version="0" availableOffline="1">
	<info>
		<title>E1 2023.08.18 BT nghe nhìn và dịch</title>
		<description/>
	</info>
	<files index="id6" thumbnail="id178" totalSize="10952659">
		<file id="id4">lms.js</file>
		<file id="id6">index.html</file>
		<file id="id7">data/thmb1.jpg</file>
		<file id="id8">data/slide1.js</file>
		<file id="id9">data/slide1.css</file>
		<file id="id10">data/thmb2.jpg</file>
		<file id="id11">data/slide2.js</file>
		<file id="id12">data/slide2.css</file>
		<file id="id13">data/thmb3.jpg</file>
		<file id="id14">data/slide3.js</file>
		<file id="id15">data/slide3.css</file>
		<file id="id16">data/thmb4.jpg</file>
		<file id="id17">data/slide4.js</file>
		<file id="id18">data/slide4.css</file>
		<file id="id19">data/thmb5.jpg</file>
		<file id="id20">data/slide5.js</file>
		<file id="id21">data/slide5.css</file>
		<file id="id22">data/thmb6.png</file>
		<file id="id23">data/slide6.js</file>
		<file id="id24">data/slide6.css</file>
		<file id="id25">data/thmb7.jpg</file>
		<file id="id26">data/slide7.js</file>
		<file id="id27">data/slide7.css</file>
		<file id="id28">data/thmb8.jpg</file>
		<file id="id29">data/slide8.js</file>
		<file id="id30">data/slide8.css</file>
		<file id="id31">data/thmb9.jpg</file>
		<file id="id32">data/slide9.js</file>
		<file id="id33">data/slide9.css</file>
		<file id="id34">data/thmb10.jpg</file>
		<file id="id35">data/slide10.js</file>
		<file id="id36">data/slide10.css</file>
		<file id="id37">data/thmb11.jpg</file>
		<file id="id38">data/slide11.js</file>
		<file id="id39">data/slide11.css</file>
		<file id="id40">data/thmb12.jpg</file>
		<file id="id41">data/slide12.js</file>
		<file id="id42">data/slide12.css</file>
		<file id="id43">data/thmb13.jpg</file>
		<file id="id44">data/slide13.js</file>
		<file id="id45">data/slide13.css</file>
		<file id="id46">data/thmb14.jpg</file>
		<file id="id47">data/slide14.js</file>
		<file id="id48">data/slide14.css</file>
		<file id="id49">data/thmb15.jpg</file>
		<file id="id50">data/slide15.js</file>
		<file id="id51">data/slide15.css</file>
		<file id="id52">data/thmb16.jpg</file>
		<file id="id53">data/slide16.js</file>
		<file id="id54">data/slide16.css</file>
		<file id="id55">data/thmb17.jpg</file>
		<file id="id56">data/slide17.js</file>
		<file id="id57">data/slide17.css</file>
		<file id="id58">data/thmb18.jpg</file>
		<file id="id59">data/slide18.js</file>
		<file id="id60">data/slide18.css</file>
		<file id="id61">data/thmb19.jpg</file>
		<file id="id62">data/slide19.js</file>
		<file id="id63">data/slide19.css</file>
		<file id="id64">data/thmb20.jpg</file>
		<file id="id65">data/slide20.js</file>
		<file id="id66">data/slide20.css</file>
		<file id="id67">data/thmb21.jpg</file>
		<file id="id68">data/slide21.js</file>
		<file id="id69">data/slide21.css</file>
		<file id="id70">data/thmb22.png</file>
		<file id="id71">data/slide22.js</file>
		<file id="id72">data/slide22.css</file>
		<file id="id73">data/thmb23.jpg</file>
		<file id="id74">data/slide23.js</file>
		<file id="id75">data/slide23.css</file>
		<file id="id76">data/thmb24.jpg</file>
		<file id="id77">data/slide24.js</file>
		<file id="id78">data/slide24.css</file>
		<file id="id79">data/thmb25.jpg</file>
		<file id="id80">data/slide25.js</file>
		<file id="id81">data/slide25.css</file>
		<file id="id82">data/thmb26.jpg</file>
		<file id="id83">data/slide26.js</file>
		<file id="id84">data/slide26.css</file>
		<file id="id85">data/thmb27.jpg</file>
		<file id="id86">data/slide27.js</file>
		<file id="id87">data/slide27.css</file>
		<file id="id88">data/thmb28.jpg</file>
		<file id="id89">data/slide28.js</file>
		<file id="id90">data/slide28.css</file>
		<file id="id91">data/thmb29.jpg</file>
		<file id="id92">data/slide29.js</file>
		<file id="id93">data/slide29.css</file>
		<file id="id94">data/thmb30.jpg</file>
		<file id="id95">data/slide30.js</file>
		<file id="id96">data/slide30.css</file>
		<file id="id97">data/sound1.mp3</file>
		<file id="id98">data/sound2.mp3</file>
		<file id="id99">data/sound3.mp3</file>
		<file id="id100">data/sound4.mp3</file>
		<file id="id101">data/sound5.mp3</file>
		<file id="id102">data/sound6.mp3</file>
		<file id="id103">data/sound7.mp3</file>
		<file id="id104">data/sound8.mp3</file>
		<file id="id105">data/sound9.mp3</file>
		<file id="id106">data/sound10.mp3</file>
		<file id="id107">data/sound11.mp3</file>
		<file id="id108">data/sound12.mp3</file>
		<file id="id109">data/sound13.mp3</file>
		<file id="id110">data/sound14.mp3</file>
		<file id="id111">data/sound15.mp3</file>
		<file id="id112">data/sound16.mp3</file>
		<file id="id113">data/sound17.mp3</file>
		<file id="id114">data/sound18.mp3</file>
		<file id="id115">data/sound19.mp3</file>
		<file id="id116">data/sound20.mp3</file>
		<file id="id117">data/sound21.mp3</file>
		<file id="id118">data/sound22.mp3</file>
		<file id="id119">data/sound23.mp3</file>
		<file id="id120">data/sound24.mp3</file>
		<file id="id121">data/sound25.mp3</file>
		<file id="id122">data/sound26.mp3</file>
		<file id="id123">data/sound27.mp3</file>
		<file id="id124">data/sound28.mp3</file>
		<file id="id125">data/sound29.mp3</file>
		<file id="id126">data/sound30.mp3</file>
		<file id="id127">data/player.js</file>
		<file id="id132">data/browsersupport.js</file>
		<file id="id133">data/apple-touch-icon.png</file>
		<file id="id134">data/favicon.ico</file>
		<file id="id135">data/fnt0.woff</file>
		<file id="id136">data/fnt1.woff</file>
		<file id="id137">data/fnt2.woff</file>
		<file id="id138">data/fnt3.woff</file>
		<file id="id139">data/fnt4.woff</file>
		<file id="id140">data/fnt5.woff</file>
		<file id="id141">data/html5-unsupported.html</file>
		<file id="id142">data/html5.png</file>
		<file id="id143">data/img0.jpg</file>
		<file id="id144">data/img1.jpg</file>
		<file id="id145">data/img10.jpg</file>
		<file id="id146">data/img11.jpg</file>
		<file id="id147">data/img12.jpg</file>
		<file id="id148">data/img13.jpg</file>
		<file id="id149">data/img14.jpg</file>
		<file id="id150">data/img15.jpg</file>
		<file id="id151">data/img16.jpg</file>
		<file id="id152">data/img17.jpg</file>
		<file id="id153">data/img18.jpg</file>
		<file id="id154">data/img19.jpg</file>
		<file id="id155">data/img2.jpg</file>
		<file id="id156">data/img20.jpg</file>
		<file id="id157">data/img21.png</file>
		<file id="id158">data/img22.jpg</file>
		<file id="id159">data/img23.jpg</file>
		<file id="id160">data/img24.jpg</file>
		<file id="id161">data/img25.png</file>
		<file id="id162">data/img26.jpg</file>
		<file id="id163">data/img27.jpg</file>
		<file id="id164">data/img28.jpg</file>
		<file id="id165">data/img29.jpg</file>
		<file id="id166">data/img3.jpg</file>
		<file id="id167">data/img30.jpg</file>
		<file id="id168">data/img31.jpg</file>
		<file id="id169">data/img32.jpg</file>
		<file id="id170">data/img33.jpg</file>
		<file id="id171">data/img4.jpg</file>
		<file id="id172">data/img5.png</file>
		<file id="id173">data/img6.png</file>
		<file id="id174">data/img7.jpg</file>
		<file id="id175">data/img8.jpg</file>
		<file id="id176">data/img9.jpg</file>
		<file id="id177">data/photo1.png</file>
		<file id="id178">data/ismplayer/preview.png</file>
		<file id="id179">data/ismplayer/play.svg</file>
		<file id="id180">data/ismplayer/style.css</file>
		<file id="id181">data/ismplayer/style_mini.css</file>
		<file id="id182">ismplayer.html</file>
		<file id="id183">data/ismplayer/app_store2x.png</file>
		<file id="id184">metainfo.xml</file>
	</files>
</presentation>
